date,author,url
1/1,edward,test
2/2,drgon,url2
4/05,pp520,https://www.ptt.cc/bbs/Stock/M.1617557753.A.054.html
11/20,yoche2000,https://www.ptt.cc/bbs/Stock/M.1605850116.A.BDB.html
4/02,yoche2000,https://www.ptt.cc/bbs/Stock/M.1617349413.A.2BE.html
4/03,yoche2000,https://www.ptt.cc/bbs/Stock/M.1617381183.A.504.html
4/02,yoche2000,https://www.ptt.cc/bbs/Stock/M.1617349586.A.CA9.html
4/06,drgon,https://www.ptt.cc/bbs/Stock/M.1617671649.A.A6A.html
4/06,drgon,https://www.ptt.cc/bbs/Stock/M.1617676813.A.7CE.html
4/06,drgon,https://www.ptt.cc/bbs/Stock/M.1617708382.A.8E7.html
4/06,drgon,https://www.ptt.cc/bbs/Stock/M.1617714373.A.BB3.html
4/06,drgon,https://www.ptt.cc/bbs/Stock/M.1617718689.A.451.html
4/07,newconfidenc,https://www.ptt.cc/bbs/Stock/M.1617754521.A.1CB.html
4/07,newconfidenc,https://www.ptt.cc/bbs/Stock/M.1617755545.A.FA4.html
4/07,newconfidenc,https://www.ptt.cc/bbs/Stock/M.1617756571.A.0B9.html
4/07,drgon,https://www.ptt.cc/bbs/Stock/M.1617757510.A.1CE.html
4/07,drgon,https://www.ptt.cc/bbs/Stock/M.1617763332.A.57E.html
4/07,newconfidenc,https://www.ptt.cc/bbs/Stock/M.1617770764.A.220.html
4/08,newconfidenc,https://www.ptt.cc/bbs/Stock/M.1617841212.A.030.html
4/12,CavendishJr,https://www.ptt.cc/bbs/Stock/M.1618227687.A.839.html
4/14,TccReD,https://www.ptt.cc/bbs/Stock/M.1618406874.A.A44.html
4/14,weekend88123,https://www.ptt.cc/bbs/Stock/M.1618410151.A.BE9.html
4/15,YingLinga,https://www.ptt.cc/bbs/Stock/M.1618459164.A.EE4.html
4/15,zesonpso,https://www.ptt.cc/bbs/Stock/M.1618475829.A.B76.html
4/16,zesonpso,https://www.ptt.cc/bbs/Stock/M.1618567457.A.DDA.html
